{"Accuracy": 0.6797698945349953, "Classification Report": {"1": {"precision": 0.8377125193199382, "recall": 0.8616852146263911, "f1-score": 0.8495297805642633, "support": 629}, "2": {"precision": 0.09375, "recall": 0.07692307692307693, "f1-score": 0.08450704225352113, "support": 39}, "3": {"precision": 0.24074074074074073, "recall": 0.203125, "f1-score": 0.22033898305084745, "support": 64}, "4": {"precision": 0.38596491228070173, "recall": 0.24444444444444444, "f1-score": 0.2993197278911564, "support": 90}, "5": {"precision": 0.5098814229249012, "recall": 0.583710407239819, "f1-score": 0.5443037974683544, "support": 221}, "accuracy": 0.6797698945349953, "macro avg": {"precision": 0.4136099190532564, "recall": 0.39397762864674635, "f1-score": 0.39959986624562854, "support": 1043}, "weighted avg": {"precision": 0.664818282484482, "recall": 0.6797698945349953, "f1-score": 0.6701645410247111, "support": 1043}}, "Confusion Matrix": [[542, 23, 8, 6, 50], [23, 3, 3, 0, 10], [21, 1, 13, 11, 18], [14, 1, 7, 22, 46], [47, 4, 23, 18, 129]]}