{"Accuracy": 0.7190795781399808, "Classification Report": {"1": {"precision": 0.8198581560283688, "recall": 0.918918918918919, "f1-score": 0.8665667166416792, "support": 629}, "2": {"precision": 0.2222222222222222, "recall": 0.05128205128205128, "f1-score": 0.08333333333333333, "support": 39}, "3": {"precision": 0.2608695652173913, "recall": 0.09375, "f1-score": 0.13793103448275862, "support": 64}, "4": {"precision": 0.43478260869565216, "recall": 0.2222222222222222, "f1-score": 0.29411764705882354, "support": 90}, "5": {"precision": 0.5538461538461539, "recall": 0.6515837104072398, "f1-score": 0.5987525987525987, "support": 221}, "accuracy": 0.7190795781399808, "macro avg": {"precision": 0.45831574120195767, "recall": 0.3875513805660865, "f1-score": 0.39614026605383873, "support": 1043}, "weighted avg": {"precision": 0.6736179614238085, "recall": 0.7190795781399808, "f1-score": 0.6864266189205476, "support": 1043}}, "Confusion Matrix": [[578, 3, 8, 2, 38], [26, 2, 2, 0, 9], [27, 0, 6, 10, 21], [19, 1, 2, 20, 48], [55, 3, 5, 14, 144]]}