{"Accuracy": 0.693609022556391, "Classification Report": {"1": {"precision": 0.8510301109350238, "recall": 0.8537360890302067, "f1-score": 0.8523809523809525, "support": 629}, "2": {"precision": 0.7014925373134329, "recall": 0.7833333333333333, "f1-score": 0.7401574803149608, "support": 60}, "3": {"precision": 0.22916666666666666, "recall": 0.171875, "f1-score": 0.19642857142857142, "support": 64}, "4": {"precision": 0.2857142857142857, "recall": 0.2, "f1-score": 0.23529411764705882, "support": 90}, "5": {"precision": 0.49019607843137253, "recall": 0.5656108597285068, "f1-score": 0.5252100840336134, "support": 221}, "accuracy": 0.693609022556391, "macro avg": {"precision": 0.5115199358121563, "recall": 0.5149110564184094, "f1-score": 0.5098942411610313, "support": 1064}, "weighted avg": {"precision": 0.6824264828300954, "recall": 0.693609022556391, "f1-score": 0.6864439808248206, "support": 1064}}, "Confusion Matrix": [[537, 18, 7, 12, 55], [7, 47, 2, 0, 4], [19, 1, 11, 7, 26], [19, 0, 8, 18, 45], [49, 1, 20, 26, 125]]}